Modelo,MAE (Test),RMSE (Test),R2 (Test),MAPE (Test)
Linear Regression,0.016909662176084812,0.032599328241334935,0.992296809974852,0.36810984390331786
ARIMA,1.0793858220360455,1.141489325963339,-8.444892498163782,14.908373469690348
